{
  "beziers": {
    "yOffset": 0.625,
    "rotationDelta": 3.042072057723999E-5,
    "xOffset": 0.9375,
    "scaleFactor": 0.10000000149011612,
    "numFlowers": 296,
    "flower1": {
      "numPoints": 3,
      "innerControlDistanceFactor": 0.06346874684095383,
      "outerRadius": 732.5,
      "innerControlRotation": -0.5890486240386963,
      "outerControlRotation": 0,
      "outerControlDistanceFactor": 0.5319843292236328,
      "innerRadius": 1025
    },
    "rotationDeltaOffset": -9.817478712648153E-5,
    "rotationOffset": 0.02356194704771042,
    "flower0": {
      "numPoints": 3,
      "innerControlDistanceFactor": 0.06346874684095383,
      "outerRadius": 732.5,
      "innerControlRotation": -0.5890486240386963,
      "outerControlRotation": 0,
      "outerControlDistanceFactor": 0.5319843292236328,
      "innerRadius": 1025
    }
  },
  "centerX": 200,
  "centerY": 200,
}
