{
  "yOffset": 18.125,
  "rotationDelta": -0.0025580748915672302,
  "xOffset": 19.6875,
  "scaleFactor": 0.745312511920929,
  "numFlowers": 191,
  "flower1": {
    "numPoints": 5,
    "innerControlDistanceFactor": 0.09470312297344208,
    "outerRadius": 1272.5,
    "innerControlRotation": 0,
    "outerControlRotation": 0,
    "outerControlDistanceFactor": 0.20402343571186066,
    "innerRadius": 717.5
  },
  "rotationDeltaOffset": -0.0013253595679998398,
  "rotationOffset": 0.011453723534941673,
  "flower0": {
    "numPoints": 5,
    "innerControlDistanceFactor": 0.09470312297344208,
    "outerRadius": 1272.5,
    "innerControlRotation": 0,
    "outerControlRotation": 0,
    "outerControlDistanceFactor": 0.20402343571186066,
    "innerRadius": 717.5
  }
}